"","names","gender","probability","count"
"1","Bogumil","male","1","2"
"2","Boguslaw","male","1","2"
"3","Bohumil","male","1","1"
"4","Bohyun","unknown","unknown","unknown"
"5","Bojan","male","1","93"
"6","Bokyung","female","1","1"
"7","Bolette","female","1","6"
"8","Boli","female","1","1"
"9","Bolli","unknown","unknown","unknown"
"10","Bonaventura","male","1","2"
"11","Bongani","male","1","14"
"12","Bongju","unknown","unknown","unknown"
"13","Bongkun","unknown","unknown","unknown"
"14","Bonni","female","1","4"
"15","Bonpei","unknown","unknown","unknown"
"16","Borna","male","0.94","16"
"17","Lieuwe","unknown","unknown","unknown"
"18","Lieve","female","1","12"
"19","Liewei","female","1","8"
"20","Lifang","female","1","1"
"21","Lifen","unknown","unknown","unknown"
"22","Liffert","unknown","unknown","unknown"
"23","Ligang","unknown","unknown","unknown"
"24","Ligia","female","1","49"
"25","Ligong","unknown","unknown","unknown"
"26","Lihe","female","1","1"
"27","Lihong","unknown","unknown","unknown"
"28","Lihua","unknown","unknown","unknown"
"29","Lihuan","unknown","unknown","unknown"
"30","Lija","female","1","2"
"31","Lijia","female","1","1"
"32","Lijian","unknown","unknown","unknown"
"33","Lijing","unknown","unknown","unknown"
"34","Lijuan","unknown","unknown","unknown"
"35","Lil","female","0.5","2"
"36","Lilac","female","1","1"
"37","Lilach","female","1","16"
"38","Lilei","unknown","unknown","unknown"
"39","Liliane","female","1","90"
"40","Lilianna","female","1","1"
"41","Lilibeth","female","1","69"
"42","Lilin","female","1","3"
"43","Lilli","female","1","25"
"44","Lilliam","female","1","16"
"45","Lilong","unknown","unknown","unknown"
"46","Liman","female","0.67","3"
"47","Limone","female","1","1"
"48","Limor","female","0.97","29"
"49","Lindeboom","unknown","unknown","unknown"
"50","Lindsea","unknown","unknown","unknown"
"51","Linette","female","1","34"
"52","Linfeng","unknown","unknown","unknown"
"53","Lingfang","unknown","unknown","unknown"
"54","Lingfeng","unknown","unknown","unknown"
"55","Lingli","unknown","unknown","unknown"
"56","Lingsong","unknown","unknown","unknown"
"57","Lingyun","unknown","unknown","unknown"
"58","Linhong","unknown","unknown","unknown"
"59","Linn","female","0.98","94"
"60","Linna","female","1","9"
"61","Linong","unknown","unknown","unknown"
"62","Linsay","female","0.91","11"
"63","Linxin","unknown","unknown","unknown"
"64","Linyuan","unknown","unknown","unknown"
"65","Lip","female","0.67","3"
"66","LiPing","female","1","1"
"67","Liqiao","unknown","unknown","unknown"
"68","Liqin","unknown","unknown","unknown"
"69","Liqiong","unknown","unknown","unknown"
"70","Liqun","unknown","unknown","unknown"
"71","Liron","female","0.76","49"
"72","Lirong","male","1","1"
"73","Lis","female","1","86"
"74","Lisan","unknown","unknown","unknown"
"75","Lisandra","female","1","16"
"76","Lisandro","male","1","27"
"77","Lisanne","female","1","7"
"78","Lisbeth","female","1","213"
"79","Lisena","unknown","unknown","unknown"
"80","Lisette","female","1","84"
"81","Lishan","female","1","1"
"82","Lisheng","unknown","unknown","unknown"
"83","Lital","female","1","7"
"84","Litsa","female","1","13"
"85","Litten","female","1","1"
"86","Liudmila","female","1","5"
"87","Liuzhong","unknown","unknown","unknown"
"88","Livi","female","1","9"
"89","Livio","male","1","22"
"90","Liwei","male","0.67","3"
"91","LiWen","female","0.5","2"
"92","Lixia","female","1","1"
"93","Lixian","unknown","unknown","unknown"
"94","Lixiang","unknown","unknown","unknown"
"95","Lixin","unknown","unknown","unknown"
"96","Lixing","unknown","unknown","unknown"
"97","Liya","female","1","8"
"98","Liying","female","1","1"
"99","Liyong","female","0.5","2"
"100","Liyuan","female","1","1"
"101","Liyun","unknown","unknown","unknown"
"102","Liza","female","1","367"
"103","Lize","female","1","2"
"104","Lizelle","female","1","17"
"105","Lizhong","unknown","unknown","unknown"
"106","Lizhu","female","0.5","2"
"107","Lizy","female","1","27"
"108","Lizzy","female","0.99","155"
"109","Ljubco","unknown","unknown","unknown"
"110","Ljubomir","male","1","6"
"111","Loek","male","1","6"
"112","Loes","female","1","10"
"113","Lognathen","unknown","unknown","unknown"
"114","Loi","female","0.67","12"
"115","Loira","female","1","1"
"116","Loizos","male","1","2"
"117","Lokesh","male","1","72"
"118","Lokien","unknown","unknown","unknown"
"119","Lokpal","unknown","unknown","unknown"
"120","Lola","female","0.98","338"
"121","Longhou","unknown","unknown","unknown"
"122","Longhu","unknown","unknown","unknown"
"123","Longxian","unknown","unknown","unknown"
"124","Lonneke","female","0.86","7"
"125","Lonny","male","0.89","9"
"126","Lookman","unknown","unknown","unknown"
"127","Lopa","female","1","2"
"128","Lorena","female","1","1133"
"129","Lorentz","male","1","1"
"130","Lorette","female","1","3"
"131","Lorna","female","1","328"
"132","Lorrel","unknown","unknown","unknown"
"133","Lorrie","female","1","56"
"134","Lot","female","0.7","10"
"135","Lott","unknown","unknown","unknown"
"136","Lotus","female","1","8"
"137","Lou","female","0.69","360"
"138","Loubina","unknown","unknown","unknown"
"139","Loucif","unknown","unknown","unknown"
"140","Loukianos","unknown","unknown","unknown"
"141","Lourens","male","1","8"
"142","Lowri","female","1","5"
"143","Loyd","male","0.9","10"
"144","Luan","male","0.82","28"
"145","Luana","female","1","158"
"146","Luanda","female","1","15"
"147","Luba","female","1","19"
"148","Lubna","female","1","49"
"149","Lubomir","male","1","11"
"150","Lubov","female","1","1"
"151","Luce","female","0.96","25"
"152","Lucienne","female","0.83","6"
"153","Lucila","female","1","80"
"154","Lucile","female","1","70"
"155","Lucilla","female","1","2"
"156","Lucinda","female","1","75"
"157","Lucka","female","1","18"
"158","Lude","female","1","1"
"159","Ludger","unknown","unknown","unknown"
"160","Ludivine","female","1","105"
"161","Ludmila","female","1","43"
"162","Ludolf","unknown","unknown","unknown"
"163","Ludomir","unknown","unknown","unknown"
"164","Ludovica","female","0.97","32"
"165","Ludovit","male","1","5"
"166","Ludwik","male","1","1"
"167","Lufeng","unknown","unknown","unknown"
"168","Luigia","female","1","12"
"169","Luigina","female","1","7"
"170","Luigino","male","1","6"
"171","Luise","female","0.75","28"
"172","Luisella","female","1","5"
"173","Luit","unknown","unknown","unknown"
"174","Lujie","unknown","unknown","unknown"
"175","Luka","male","0.95","96"
"176","Luminita","female","1","36"
"177","Luna","female","0.94","120"
"178","Lunan","unknown","unknown","unknown"
"179","Lung","male","0.92","12"
"180","Lungkuo","unknown","unknown","unknown"
"181","Luoquan","unknown","unknown","unknown"
"182","Luping","unknown","unknown","unknown"
"183","Luqin","unknown","unknown","unknown"
"184","Xiaolan","female","1","11"
"185","XiaoLian","unknown","unknown","unknown"
"186","Xiaoling","female","1","5"
"187","XiaoLing","female","1","5"
"188","Xiaoman","unknown","unknown","unknown"
"189","Xiaomin","female","1","1"
"190","Xiaoning","female","1","1"
"191","Xiaoping","unknown","unknown","unknown"
"192","Xiaoqin","unknown","unknown","unknown"
"193","XiaoQing","male","1","1"
"194","Xiaoquan","unknown","unknown","unknown"
"195","Xiaoqun","unknown","unknown","unknown"
"196","Xiaoran","male","1","1"
"197","Xiaorong","male","1","1"
"198","Xiaoshun","unknown","unknown","unknown"
"199","Xiaoting","unknown","unknown","unknown"
"200","Xiaowen","female","1","1"
"201","Xiaoxi","female","1","1"
"202","Xiaoxia","unknown","unknown","unknown"
"203","Xiaoxiang","unknown","unknown","unknown"
"204","Xiaoxiao","male","0.67","3"
"205","Xiaoxue","unknown","unknown","unknown"
"206","XiaoYan","female","1","3"
"207","Xiaoye","unknown","unknown","unknown"
"208","Xiaoyin","female","1","1"
"209","Xiaoying","female","1","4"
"210","Xiaoyong","unknown","unknown","unknown"
"211","Xiaoyuan","unknown","unknown","unknown"
"212","Xiaoyue","male","1","1"
"213","Xiaozhong","unknown","unknown","unknown"
"214","Xiaping","unknown","unknown","unknown"
"215","Xichen","unknown","unknown","unknown"
"216","Xichun","unknown","unknown","unknown"
"217","Xifu","unknown","unknown","unknown"
"218","Xigui","unknown","unknown","unknown"
"219","Xihong","unknown","unknown","unknown"
"220","Xijun","unknown","unknown","unknown"
"221","Xilin","unknown","unknown","unknown"
"222","Ximena","female","0.99","326"
"223","Xin'nan","unknown","unknown","unknown"
"224","Xinbing","unknown","unknown","unknown"
"225","Xinbo","unknown","unknown","unknown"
"226","Xinchen","unknown","unknown","unknown"
"227","Xingang","unknown","unknown","unknown"
"228","Xinghua","unknown","unknown","unknown"
"229","Xingpeng","unknown","unknown","unknown"
"230","Xingping","unknown","unknown","unknown"
"231","Xingquan","unknown","unknown","unknown"
"232","Xingqun","unknown","unknown","unknown"
"233","Xingshan","unknown","unknown","unknown"
"234","Xingwang","unknown","unknown","unknown"
"235","Xingyang","unknown","unknown","unknown"
"236","Xingyu","male","1","1"
"237","Xinhua","unknown","unknown","unknown"
"238","Xinhui","unknown","unknown","unknown"
"239","Xinji","unknown","unknown","unknown"
"240","Xinjun","unknown","unknown","unknown"
"241","Xinkai","unknown","unknown","unknown"
"242","Xinli","unknown","unknown","unknown"
"243","Xinliang","unknown","unknown","unknown"
"244","Xinmin","unknown","unknown","unknown"
"245","Xinping","unknown","unknown","unknown"
"246","Xinru","unknown","unknown","unknown"
"247","Xinsheng","unknown","unknown","unknown"
"248","Xinwen","unknown","unknown","unknown"
"249","Xinyan","unknown","unknown","unknown"
"250","Xinyang","unknown","unknown","unknown"
"251","Xinyi","female","1","3"
"252","Xiongwen","unknown","unknown","unknown"
"253","Xiu","female","0.5","6"
"254","Xiucui","unknown","unknown","unknown"
"255","Xiufang","unknown","unknown","unknown"
"256","Xiufen","unknown","unknown","unknown"
"257","Xiufeng","unknown","unknown","unknown"
"258","Xiuhua","unknown","unknown","unknown"
"259","Xiuju","unknown","unknown","unknown"
"260","Xiuli","unknown","unknown","unknown"
"261","Xiuling","female","1","1"
"262","Xiumei","female","1","5"
"263","Xiuqin","unknown","unknown","unknown"
"264","Xiuqing","unknown","unknown","unknown"
"265","Xiushui","unknown","unknown","unknown"
"266","Xiuwei","unknown","unknown","unknown"
"267","Xiuxia","unknown","unknown","unknown"
"268","Xiuyun","unknown","unknown","unknown"
"269","Xiying","unknown","unknown","unknown"
"270","Xuanmin","unknown","unknown","unknown"
"271","Xuanrong","unknown","unknown","unknown"
"272","Xucai","unknown","unknown","unknown"
"273","Xudong","unknown","unknown","unknown"
"274","Xuebo","unknown","unknown","unknown"
"275","Xuedong","unknown","unknown","unknown"
"276","Xuefeng","unknown","unknown","unknown"
"277","Xuehai","unknown","unknown","unknown"
"278","Xuehong","unknown","unknown","unknown"
"279","Xuejun","unknown","unknown","unknown"
"280","Xuelei","female","1","1"
"281","Xueli","unknown","unknown","unknown"
"282","Xuelin","unknown","unknown","unknown"
"283","Xueqi","male","1","1"
"284","Xueqing","unknown","unknown","unknown"
"285","Xuerong","unknown","unknown","unknown"
"286","Xuesong","unknown","unknown","unknown"
"287","Xuewei","unknown","unknown","unknown"
"288","Xuewen","unknown","unknown","unknown"
"289","Xuexia","unknown","unknown","unknown"
"290","Xueying","female","1","3"
"291","Xuezeng","unknown","unknown","unknown"
"292","Xuezhong","unknown","unknown","unknown"
"293","Xufeng","male","1","1"
"294","Xujiong","unknown","unknown","unknown"
"295","Xulio","male","1","1"
"296","Xunming","unknown","unknown","unknown"
"297","Xupeng","unknown","unknown","unknown"
"298","Xuping","unknown","unknown","unknown"
"299","Xusheng","unknown","unknown","unknown"
"300","Xusto","unknown","unknown","unknown"
"301","Xuxu","female","1","1"
"302","Xuya","unknown","unknown","unknown"
"303","Xuyang","unknown","unknown","unknown"
"304","Y","unknown","unknown","unknown"
"305","Ya","female","0.51","39"
"306","Yaariv","unknown","unknown","unknown"
"307","Yabo","unknown","unknown","unknown"
"308","Yacine","male","0.98","54"
"309","Yacki","unknown","unknown","unknown"
"310","Yackoob","unknown","unknown","unknown"
"311","Yacoub","male","1","8"
"312","Yacov","male","1","2"
"313","Yadavendra","unknown","unknown","unknown"
"314","Yader","male","0.71","17"
"315","Yadon","unknown","unknown","unknown"
"316","Yadong","unknown","unknown","unknown"
"317","Yadvinder","male","1","1"
"318","Yafa","female","1","2"
"319","Yafei","male","1","1"
"320","Yafeng","unknown","unknown","unknown"
"321","Yaguang","unknown","unknown","unknown"
"322","Yahui","unknown","unknown","unknown"
"323","Yahye","unknown","unknown","unknown"
"324","Yajuan","unknown","unknown","unknown"
"325","Yakoub","male","1","1"
"326","Yakub","male","0.8","5"
"327","Yalda","female","1","9"
"328","Yale","male","1","5"
"329","Yaliang","male","1","1"
"330","Yalin","male","0.67","3"
"331","Yaling","female","1","1"
"332","Yama","male","0.67","6"
"333","Yamilee","unknown","unknown","unknown"
"334","Yamini","female","0.95","20"
"335","Yanai","male","0.67","3"
"336","Yanbo","unknown","unknown","unknown"
"337","Yandong","unknown","unknown","unknown"
"338","Yanela","female","1","20"
"339","Yanfang","unknown","unknown","unknown"
"340","Yanfen","unknown","unknown","unknown"
"341","Yangfeng","unknown","unknown","unknown"
"342","Yanggan","unknown","unknown","unknown"
"343","Yangjie","unknown","unknown","unknown"
"344","Yangsoo","unknown","unknown","unknown"
"345","Yanhua","unknown","unknown","unknown"
"346","Yanjie","unknown","unknown","unknown"
"347","Yanjuan","unknown","unknown","unknown"
"348","Yanli","unknown","unknown","unknown"
"349","Yanlin","unknown","unknown","unknown"
"350","Yanling","female","1","2"
"351","Yanmin","unknown","unknown","unknown"
"352","Yanming","unknown","unknown","unknown"
"353","Yannan","female","1","2"
"354","Yanntong","unknown","unknown","unknown"
"355","Yanosha","unknown","unknown","unknown"
"356","Yanqi","female","1","1"
"357","Yanqiang","unknown","unknown","unknown"
"358","Yanqing","male","1","1"
"359","Yanqiu","unknown","unknown","unknown"
"360","Yanru","unknown","unknown","unknown"
"361","Yanting","female","1","3"
"362","Yanto","male","0.89","9"
"363","Yanyan","female","0.75","4"
"364","Yanyi","unknown","unknown","unknown"
"365","Yanzhong","unknown","unknown","unknown"
"366","Yaoguang","unknown","unknown","unknown"
"367","Yaojun","unknown","unknown","unknown"
"368","Yaou","unknown","unknown","unknown"
"369","Yaoxin","unknown","unknown","unknown"
"370","Yaoyu","unknown","unknown","unknown"
"371","Yaping","unknown","unknown","unknown"
"372","Yaqian","unknown","unknown","unknown"
"373","Yaqin","male","1","1"
"374","Yara","female","1","127"
"375","Yared","male","0.83","6"
"376","Yariv","male","1","10"
"377","Yarong","unknown","unknown","unknown"
"378","Yasbanoo","unknown","unknown","unknown"
"379","Yash","male","0.97","39"
"380","Yasheng","unknown","unknown","unknown"
"381","Yashuhiro","unknown","unknown","unknown"
"382","Yasir","male","1","51"
"383","Yasmeen","female","1","66"
"384","Yasmin","female","1","294"
"385","Yasmina","female","0.99","69"
"386","Yasmine","female","1","148"
"387","Yassemi","unknown","unknown","unknown"
"388","Yassin","male","1","38"
"389","Yassine","male","1","128"
"390","Yasuchika","unknown","unknown","unknown"
"391","Yasue","female","1","2"
"392","Yasufumi","unknown","unknown","unknown"
"393","Yasuharu","unknown","unknown","unknown"
"394","Yasuhisa","unknown","unknown","unknown"
"395","Yasukatsu","unknown","unknown","unknown"
"396","Yasukazu","unknown","unknown","unknown"
"397","Yasukiyo","unknown","unknown","unknown"
"398","Yasumi","unknown","unknown","unknown"
"399","Yasumori","unknown","unknown","unknown"
"400","Yasunaka","unknown","unknown","unknown"
"401","Yasunao","unknown","unknown","unknown"
"402","Yasunari","male","1","1"
"403","Yasunobu","unknown","unknown","unknown"
"404","Yasunori","unknown","unknown","unknown"
"405","Yasuomi","unknown","unknown","unknown"
"406","Yasuteru","male","1","1"
"407","Yasutomi","unknown","unknown","unknown"
"408","Yasutomo","unknown","unknown","unknown"
"409","Yasutsugu","unknown","unknown","unknown"
"410","Yasuya","unknown","unknown","unknown"
"411","Yatong","unknown","unknown","unknown"
"412","Yatrik","unknown","unknown","unknown"
"413","Yau","female","0.63","8"
"414","Yaver","unknown","unknown","unknown"
"415","Yaw","male","1","4"
"416","Yawer","male","1","1"
"417","Yayoi","female","1","3"
"418","Yaz","female","0.93","15"
"419","Yazan","male","1","34"
"420","Yazhuo","male","1","1"
"421","Yazid","male","1","13"
"422","Yean","male","1","5"
"423","YeanTeng","unknown","unknown","unknown"
"424","Yechezkel","unknown","unknown","unknown"
"425","Yechiel","male","1","1"
"426","Yedael","unknown","unknown","unknown"
"427","Yedid","female","1","2"
"428","Yehia","male","0.98","45"
"429","Yehonatan","male","1","1"
"430","Yehua","unknown","unknown","unknown"
"431","Yehyun","unknown","unknown","unknown"
"432","Yejia","unknown","unknown","unknown"
"433","Yejin","female","1","3"
"434","Yelena","female","1","25"
"435","Yeli","female","0.83","6"
"436","Yellaprada","unknown","unknown","unknown"
"437","Yenal","male","1","3"
"438","Yenn","female","1","1"
"439","Yeong","female","0.6","5"
"440","Yeonhyeon","unknown","unknown","unknown"
"441","Yeonyee","unknown","unknown","unknown"
"442","Yeow","male","0.8","5"
"443","Yeruva","unknown","unknown","unknown"
"444","Yesoda","unknown","unknown","unknown"
"445","Yeung","male","0.58","24"
"446","Yew","female","0.82","17"
"447","Yftach","unknown","unknown","unknown"
"448","Ygal","unknown","unknown","unknown"
"449","Yibang","unknown","unknown","unknown"
"450","Yibing","unknown","unknown","unknown"
"451","Yibo","unknown","unknown","unknown"
"452","Yichong","unknown","unknown","unknown"
"453","Yidong","unknown","unknown","unknown"
"454","Yiel","unknown","unknown","unknown"
"455","Yigang","unknown","unknown","unknown"
"456","Yih","female","0.5","2"
"457","Yihai","unknown","unknown","unknown"
"458","Yihan","female","1","2"
"459","Yihe","unknown","unknown","unknown"
"460","Yijen","unknown","unknown","unknown"
"461","Yijian","unknown","unknown","unknown"
"462","Yijuan","unknown","unknown","unknown"
"463","Yilong","unknown","unknown","unknown"
"464","Yilu","unknown","unknown","unknown"
"465","Yim","male","0.77","13"
"466","Yina","female","0.95","20"
"467","Yingbao","unknown","unknown","unknown"
"468","Yingbo","unknown","unknown","unknown"
"469","Yinggan","unknown","unknown","unknown"
"470","Yingguang","unknown","unknown","unknown"
"471","Yinghong","unknown","unknown","unknown"
"472","Yinghui","female","1","1"
"473","Yingji","unknown","unknown","unknown"
"474","Yingjia","unknown","unknown","unknown"
"475","Yingjie","unknown","unknown","unknown"
"476","YingJie","unknown","unknown","unknown"
"477","Yingjing","unknown","unknown","unknown"
"478","Yingjun","male","1","2"
"479","Yinglong","unknown","unknown","unknown"
"480","Yinglu","unknown","unknown","unknown"
"481","Yingmei","unknown","unknown","unknown"
"482","Yingming","unknown","unknown","unknown"
"483","Yingnan","unknown","unknown","unknown"
"484","Yingo","unknown","unknown","unknown"
"485","Yingxian","unknown","unknown","unknown"
"486","Yingxin","unknown","unknown","unknown"
"487","YingXing","unknown","unknown","unknown"
"488","Yingying","female","1","9"
"489","Yingzi","female","1","1"
"490","Yinhe","male","1","1"
"491","Yinhong","unknown","unknown","unknown"
"492","Yinhua","female","1","4"
"493","Yining","unknown","unknown","unknown"
"494","Yinkun","unknown","unknown","unknown"
"495","Yinlun","unknown","unknown","unknown"
"496","Yinong","female","1","1"
"497","Yinsheng","unknown","unknown","unknown"
"498","Yiping","female","1","2"
"499","Yiqiang","unknown","unknown","unknown"
"500","Yiqing","female","0.5","2"
"501","Yiqun","unknown","unknown","unknown"
"502","Yiru","unknown","unknown","unknown"
"503","Yiscah","unknown","unknown","unknown"
"504","Yishai","unknown","unknown","unknown"
"505","Yishu","male","1","1"
"506","Yisong","male","1","1"
"507","Yitong","male","1","1"
"508","Yitschak","unknown","unknown","unknown"
"509","Yitzhack","unknown","unknown","unknown"
"510","Yiu","female","0.57","14"
"511","Yiying","female","1","1"
"512","Yizhou","unknown","unknown","unknown"
"513","Ylermi","unknown","unknown","unknown"
"514","Ymte","unknown","unknown","unknown"
"515","Yoan","male","0.97","38"
"516","Yoash","unknown","unknown","unknown"
"517","Yoav","male","0.96","26"
"518","Yodo","unknown","unknown","unknown"
"519","Yoel","male","0.97","30"
"520","Yogendra","male","1","13"
"521","Yogita","female","1","8"
"522","Yohann","male","1","58"
"523","Yohannes","male","1","4"
"524","Yohko","female","1","1"
"525","Yoichiro","unknown","unknown","unknown"
"526","Yok","female","0.83","6"
"527","Yoku","unknown","unknown","unknown"
"528","Yolan","female","1","16"
"529","Yoland","female","0.5","2"
"530","Yolande","female","1","58"
"531","Yonathan","male","1","36"
"532","Yongfei","unknown","unknown","unknown"
"533","Yonghee","unknown","unknown","unknown"
"534","Yonghong","unknown","unknown","unknown"
"535","Yonghua","unknown","unknown","unknown"
"536","Yongjun","unknown","unknown","unknown"
"537","Yongli","female","1","1"
"538","Yongling","unknown","unknown","unknown"
"539","Yongmei","unknown","unknown","unknown"
"540","Yongming","unknown","unknown","unknown"
"541","Yongping","unknown","unknown","unknown"
"542","Yongqin","unknown","unknown","unknown"
"543","Yongquan","unknown","unknown","unknown"
"544","Yongrui","unknown","unknown","unknown"
"545","Yongseon","unknown","unknown","unknown"
"546","Yongshan","unknown","unknown","unknown"
"547","Yongshi","unknown","unknown","unknown"
"548","Yongwen","unknown","unknown","unknown"
"549","Yongwhi","unknown","unknown","unknown"
"550","Yongxia","unknown","unknown","unknown"
"551","Yongxin","unknown","unknown","unknown"
"552","Yongzhen","unknown","unknown","unknown"
"553","Yongzhong","unknown","unknown","unknown"
"554","Yonzeng","unknown","unknown","unknown"
"555","Yoo","female","0.83","6"
"556","Yoojung","female","1","1"
"557","Yoosoo","unknown","unknown","unknown"
"558","Yoran","unknown","unknown","unknown"
"559","Yorihiko","unknown","unknown","unknown"
"560","Yoriko","female","1","4"
"561","Yoritaka","unknown","unknown","unknown"
"562","Yoriyasu","unknown","unknown","unknown"
"563","Yoshie","female","1","8"
"564","Yoshifusa","unknown","unknown","unknown"
"565","Yoshihide","unknown","unknown","unknown"
"566","Yoshiho","unknown","unknown","unknown"
"567","Yoshiji","unknown","unknown","unknown"
"568","Yoshikado","unknown","unknown","unknown"
"569","Yoshikatsu","unknown","unknown","unknown"
"570","Yoshikiyo","unknown","unknown","unknown"
"571","Yoshikuni","unknown","unknown","unknown"
"572","Yoshinao","unknown","unknown","unknown"
"573","Yoshinari","unknown","unknown","unknown"
"574","Yoshino","unknown","unknown","unknown"
"575","Yoshiro","unknown","unknown","unknown"
"576","Yoshisato","unknown","unknown","unknown"
"577","Yoshitake","unknown","unknown","unknown"
"578","Yoshitane","unknown","unknown","unknown"
"579","Yoshitatsu","unknown","unknown","unknown"
"580","Yoshiteru","unknown","unknown","unknown"
"581","Yoshito","unknown","unknown","unknown"
"582","Yoshitomi","unknown","unknown","unknown"
"583","Yoshitomo","unknown","unknown","unknown"
"584","Yoshitoshi","unknown","unknown","unknown"
"585","Yoshitugu","unknown","unknown","unknown"
"586","Yoshiya","unknown","unknown","unknown"
"587","Yoshiyu","unknown","unknown","unknown"
"588","Yosif","unknown","unknown","unknown"
"589","Yosikazu","unknown","unknown","unknown"
"590","Yosinobu","unknown","unknown","unknown"
"591","Youan","unknown","unknown","unknown"
"592","Youcef","male","1","23"
"593","Youfa","unknown","unknown","unknown"
"594","Youfu","unknown","unknown","unknown"
"595","YouFu","unknown","unknown","unknown"
"596","Youhanna","male","1","1"
"597","Youhei","unknown","unknown","unknown"
"598","Youhua","unknown","unknown","unknown"
"599","Youichi","unknown","unknown","unknown"
"600","Youji","unknown","unknown","unknown"
"601","Youlan","unknown","unknown","unknown"
"602","Youlet","unknown","unknown","unknown"
"603","Youmin","male","1","1"
"604","Younes","male","0.93","14"
"605","Youngho","male","1","1"
"606","Youngil","unknown","unknown","unknown"
"607","Youngjin","female","0.5","2"
"608","Youngkeun","unknown","unknown","unknown"
"609","Youngmi","unknown","unknown","unknown"
"610","Youngtaek","unknown","unknown","unknown"
"611","Youping","unknown","unknown","unknown"
"612","Youren","unknown","unknown","unknown"
"613","Yousuf","male","0.96","26"
"614","Yousuke","unknown","unknown","unknown"
"615","Yozo","male","1","1"
"616","Ype","unknown","unknown","unknown"
"617","Ysamar","female","1","3"
"618","Yskert","unknown","unknown","unknown"
"619","Yuanbo","unknown","unknown","unknown"
"620","Yuanfang","unknown","unknown","unknown"
"621","Yuanfen","unknown","unknown","unknown"
"622","Yuanjian","male","1","1"
"623","Yuanjun","unknown","unknown","unknown"
"624","Yuankun","unknown","unknown","unknown"
"625","Yuanli","unknown","unknown","unknown"
"626","Yuanning","unknown","unknown","unknown"
"627","Yuanqing","unknown","unknown","unknown"
"628","Yuanwen","unknown","unknown","unknown"
"629","Yuanxin","unknown","unknown","unknown"
"630","Yucheng","female","0.5","2"
"631","Yuchiao","unknown","unknown","unknown"
"632","YuChiao","unknown","unknown","unknown"
"633","Yudi","male","0.74","82"
"634","Yuechueng","unknown","unknown","unknown"
"635","Yuechun","unknown","unknown","unknown"
"636","Yueh","female","1","2"
"637","Yuehui","unknown","unknown","unknown"
"638","Yuejen","female","1","1"
"639","Yuejin","unknown","unknown","unknown"
"640","Yuek","unknown","unknown","unknown"
"641","Yuelan","unknown","unknown","unknown"
"642","Yuelin","female","1","1"
"643","Yuelong","unknown","unknown","unknown"
"644","Yuemang","unknown","unknown","unknown"
"645","Yuemei","unknown","unknown","unknown"
"646","Yuen","male","0.63","35"
"647","Yueping","unknown","unknown","unknown"
"648","Yuesheng","unknown","unknown","unknown"
"649","Yuesong","unknown","unknown","unknown"
"650","Yuexin","unknown","unknown","unknown"
"651","Yuexing","unknown","unknown","unknown"
"652","Yueyi","female","1","1"
"653","Yufang","unknown","unknown","unknown"
"654","Yugal","male","1","1"
"655","Yugeesh","unknown","unknown","unknown"
"656","Yuguo","unknown","unknown","unknown"
"657","Yuhei","male","1","1"
"658","Yuheng","unknown","unknown","unknown"
"659","Yuhji","unknown","unknown","unknown"
"660","Yuhong","female","1","1"
"661","Yuhua","unknown","unknown","unknown"
"662","Yui","female","0.97","32"
"663","Yuichiro","unknown","unknown","unknown"
"664","Yuichirou","unknown","unknown","unknown"
"665","Yuiichi","unknown","unknown","unknown"
"666","Yujia","male","1","1"
"667","Yujin","female","0.6","5"
"668","Yujing","female","1","2"
"669","Yujiro","male","1","1"
"670","Yujun","unknown","unknown","unknown"
"671","Yujung","unknown","unknown","unknown"
"672","Yukai","male","1","2"
"673","Yukako","female","1","1"
"674","Yuke","female","1","4"
"675","Yukei","unknown","unknown","unknown"
"676","Yukiharu","unknown","unknown","unknown"
"677","Yukihiko","unknown","unknown","unknown"
"678","Yukihito","unknown","unknown","unknown"
"679","Yukiji","unknown","unknown","unknown"
"680","Yukikatsu","unknown","unknown","unknown"
"681","Yukiko","female","1","32"
"682","Yukina","female","1","2"
"683","Yukinori","male","1","1"
"684","Yukiomi","unknown","unknown","unknown"
"685","Yukitaka","unknown","unknown","unknown"
"686","Yukitsuka","unknown","unknown","unknown"
"687","Yukun","unknown","unknown","unknown"
"688","Yulei","unknown","unknown","unknown"
"689","Yuli","female","0.92","138"
"690","Yulin","female","0.67","3"
"691","Yuliy","unknown","unknown","unknown"
"692","Yumei","unknown","unknown","unknown"
"693","Yumeko","unknown","unknown","unknown"
"694","Yumie","female","1","20"
"695","Yumihiro","unknown","unknown","unknown"
"696","Yumin","female","1","4"
"697","Yuna","female","1","29"
"698","Yunbo","unknown","unknown","unknown"
"699","Yunchen","unknown","unknown","unknown"
"700","Yundai","unknown","unknown","unknown"
"701","Yunden","unknown","unknown","unknown"
"702","Yunfan","unknown","unknown","unknown"
"703","Yunfu","unknown","unknown","unknown"
"704","Yunge","unknown","unknown","unknown"
"705","Yunhu","unknown","unknown","unknown"
"706","Yunhua","unknown","unknown","unknown"
"707","Yuni","female","0.96","23"
"708","Yunling","unknown","unknown","unknown"
"709","Yunlong","unknown","unknown","unknown"
"710","Yunmei","unknown","unknown","unknown"
"711","Yunseok","male","1","2"
"712","Yuntai","unknown","unknown","unknown"
"713","Yunxia","unknown","unknown","unknown"
"714","Yunyan","unknown","unknown","unknown"
"715","Yunzeng","unknown","unknown","unknown"
"716","Yunzhe","unknown","unknown","unknown"
"717","Yunzhou","unknown","unknown","unknown"
"718","Yuomin","unknown","unknown","unknown"
"719","Yuotao","unknown","unknown","unknown"
"720","Yuquing","unknown","unknown","unknown"
"721","Yuriko","female","1","23"
"722","Yusaku","male","1","4"
"723","Yushan","female","1","7"
"724","Yusheng","unknown","unknown","unknown"
"725","Yusu","unknown","unknown","unknown"
"726","Yutao","unknown","unknown","unknown"
"727","Yuting","female","1","4"
"728","Yutong","unknown","unknown","unknown"
"729","Yuuichi","male","1","1"
"730","Yuuki","female","0.75","4"
"731","Yuvaraj","male","1","4"
"732","Yuvi","unknown","unknown","unknown"
"733","Yuxia","unknown","unknown","unknown"
"734","Yuxiao","unknown","unknown","unknown"
"735","Yuxin","female","1","12"
"736","Yuyan","unknown","unknown","unknown"
"737","Yuyin","female","1","2"
"738","Yuying","female","1","2"
"739","YuZhen","unknown","unknown","unknown"
"740","Yuzhi","unknown","unknown","unknown"
"741","Yuzo","unknown","unknown","unknown"
"742","Yvo","female","0.75","4"
"743","Zacharenia","unknown","unknown","unknown"
"744","Zacharias","male","1","8"
"745","Zacherie","unknown","unknown","unknown"
"746","Zachery","male","1","12"
"747","Zaheer","male","1","22"
"748","Zaheib","unknown","unknown","unknown"
"749","Zahi","male","1","8"
"750","Zahir","male","0.88","16"
"751","Zahurul","male","1","1"
"752","Zaicheng","unknown","unknown","unknown"
"753","Zaiping","unknown","unknown","unknown"
"754","Zak","male","1","138"
"755","Zakar","unknown","unknown","unknown"
"756","Zakaria","male","0.99","111"
"757","Zakariya","male","1","7"
"758","Zakary","male","1","3"
"759","Zakhia","male","1","1"
"760","Zaki","male","0.97","35"
"761","Zamaneh","unknown","unknown","unknown"
"762","Zameneh","unknown","unknown","unknown"
"763","Zamira","female","1","14"
"764","Zan","female","0.7","57"
"765","Zandong","unknown","unknown","unknown"
"766","Zankhana","female","1","1"
"767","Zareh","male","1","1"
"768","Zarko","male","1","12"
"769","Zasie","unknown","unknown","unknown"
"770","Zaur","male","1","1"
"771","Zaverio","unknown","unknown","unknown"
"772","Zayd","male","1","6"
"773","Zaza","female","0.5","14"
"774","Zbynek","unknown","unknown","unknown"
"775","Zdena","female","1","1"
"776","Zdenka","female","1","23"
"777","Zdravska","unknown","unknown","unknown"
"778","Zeenat","female","1","16"
"779","Zeger","unknown","unknown","unknown"
"780","Zehang","unknown","unknown","unknown"
"781","Zeina","female","1","82"
"782","Zeineb","female","1","8"
"783","Zejun","unknown","unknown","unknown"
"784","Zekeriya","male","1","24"
"785","Zelma","female","1","8"
"786","Zemin","unknown","unknown","unknown"
"787","Zen","female","0.5","32"
"788","Zenawit","unknown","unknown","unknown"
"789","Zeneng","unknown","unknown","unknown"
"790","Zengchang","unknown","unknown","unknown"
"791","Zengming","unknown","unknown","unknown"
"792","Zengri","unknown","unknown","unknown"
"793","Zengrong","unknown","unknown","unknown"
"794","Zengyi","unknown","unknown","unknown"
"795","Zeni","male","1","2"
"796","Zenon","male","1","12"
"797","Zenta","female","1","1"
"798","Zenzo","unknown","unknown","unknown"
"799","Zequan","unknown","unknown","unknown"
"800","Zev","male","1","2"
"801","Zeydin","unknown","unknown","unknown"
"802","Zhangjun","unknown","unknown","unknown"
"803","Zhangmin","unknown","unknown","unknown"
"804","Zhanquan","unknown","unknown","unknown"
"805","Zhanxiang","unknown","unknown","unknown"
"806","Zhaofeng","unknown","unknown","unknown"
"807","Zhaohui","unknown","unknown","unknown"
"808","Zhaojun","unknown","unknown","unknown"
"809","Zhaokang","unknown","unknown","unknown"
"810","Zhaolun","unknown","unknown","unknown"
"811","Zhaoming","unknown","unknown","unknown"
"812","Zhaoping","unknown","unknown","unknown"
"813","Zhaoqiang","unknown","unknown","unknown"
"814","Zhaoxia","unknown","unknown","unknown"
"815","Zhaoyang","unknown","unknown","unknown"
"816","Zhaoyong","unknown","unknown","unknown"
"817","Zhekang","unknown","unknown","unknown"
"818","Zhenbo","unknown","unknown","unknown"
"819","Zhengfeng","unknown","unknown","unknown"
"820","Zhenggang","unknown","unknown","unknown"
"821","Zhenghong","unknown","unknown","unknown"
"822","Zhenghua","unknown","unknown","unknown"
"823","Zhengjia","unknown","unknown","unknown"
"824","Zhengjun","unknown","unknown","unknown"
"825","Zhengkun","unknown","unknown","unknown"
"826","Zhengming","unknown","unknown","unknown"
"827","Zhengqin","unknown","unknown","unknown"
"828","Zhenguo","unknown","unknown","unknown"
"829","Zhengxing","unknown","unknown","unknown"
"830","Zhengyu","unknown","unknown","unknown"
"831","Zhengyuan","unknown","unknown","unknown"
"832","Zhengzheng","female","1","1"
"833","Zhenhui","unknown","unknown","unknown"
"834","Zhenjiang","unknown","unknown","unknown"
"835","Zhenlin","unknown","unknown","unknown"
"836","Zhenqing","unknown","unknown","unknown"
"837","Zhenqiu","unknown","unknown","unknown"
"838","Zhensheng","unknown","unknown","unknown"
"839","Zhentao","unknown","unknown","unknown"
"840","Zhenwei","male","1","1"
"841","Zhenwu","unknown","unknown","unknown"
"842","Zhenxiang","unknown","unknown","unknown"
"843","Zhenxiao","unknown","unknown","unknown"
"844","Zhenya","female","0.57","7"
"845","Zhenyi","unknown","unknown","unknown"
"846","Zhenyuan","unknown","unknown","unknown"
"847","Zhenzhuang","unknown","unknown","unknown"
"848","Zheqing","unknown","unknown","unknown"
"849","Zheyi","unknown","unknown","unknown"
"850","Zhezhen","unknown","unknown","unknown"
"851","Zhibing","unknown","unknown","unknown"
"852","Zhibo","unknown","unknown","unknown"
"853","Zhifen","unknown","unknown","unknown"
"854","Zhiguo","unknown","unknown","unknown"
"855","Zhihong","unknown","unknown","unknown"
"856","Zhihua","unknown","unknown","unknown"
"857","Zhijie","unknown","unknown","unknown"
"858","Zhijun","unknown","unknown","unknown"
"859","Zhili","unknown","unknown","unknown"
"860","Zhiliang","male","1","1"
"861","Zhilin","unknown","unknown","unknown"
"862","Zhinong","unknown","unknown","unknown"
"863","Zhipeng","unknown","unknown","unknown"
"864","Zhiping","unknown","unknown","unknown"
"865","Zhiqing","unknown","unknown","unknown"
"866","Zhirong","unknown","unknown","unknown"
"867","Zhiyi","unknown","unknown","unknown"
"868","ZhiYing","female","1","8"
"869","Zhiyou","unknown","unknown","unknown"
"870","Zhiyun","unknown","unknown","unknown"
"871","Zhoaxia","unknown","unknown","unknown"
"872","Zhoazia","unknown","unknown","unknown"
"873","Zhongbing","unknown","unknown","unknown"
"874","Zhongbo","unknown","unknown","unknown"
"875","Zhongcui","unknown","unknown","unknown"
"876","Zhonghua","unknown","unknown","unknown"
"877","Zhongjian","unknown","unknown","unknown"
"878","Zhongju","unknown","unknown","unknown"
"879","Zhongliang","unknown","unknown","unknown"
"880","Zhonglin","unknown","unknown","unknown"
"881","Zhongmin","unknown","unknown","unknown"
"882","Zhongming","unknown","unknown","unknown"
"883","Zhongping","unknown","unknown","unknown"
"884","Zhongqun","unknown","unknown","unknown"
"885","Zhongren","unknown","unknown","unknown"
"886","Zhongwei","unknown","unknown","unknown"
"887","Zhongxin","unknown","unknown","unknown"
"888","Zhongyan","unknown","unknown","unknown"
"889","Zhongyi","unknown","unknown","unknown"
"890","Zhongyun","unknown","unknown","unknown"
"891","Zhongzhen","unknown","unknown","unknown"
"892","Zhongzhi","unknown","unknown","unknown"
"893","Zhouji","unknown","unknown","unknown"
"894","Zhuang","unknown","unknown","unknown"
"895","Zhujun","female","1","1"
"896","Zhumur","unknown","unknown","unknown"
"897","Zhuofeng","unknown","unknown","unknown"
"898","Zhuohui","unknown","unknown","unknown"
"899","Zhuojun","unknown","unknown","unknown"
"900","Zhuokai","unknown","unknown","unknown"
"901","Zhuowei","unknown","unknown","unknown"
"902","Zian","male","1","1"
"903","Zifan","unknown","unknown","unknown"
"904","Zihong","unknown","unknown","unknown"
"905","Zihui","unknown","unknown","unknown"
"906","Zijad","male","1","2"
"907","Zijing","unknown","unknown","unknown"
"908","Zilda","female","1","1"
"909","Zili","unknown","unknown","unknown"
"910","Zilong","unknown","unknown","unknown"
"911","Zina","female","0.98","50"
"912","Ziping","unknown","unknown","unknown"
"913","Zipping","unknown","unknown","unknown"
"914","Ziv","male","1","15"
"915","Zixin","unknown","unknown","unknown"
"916","Zixing","unknown","unknown","unknown"
"917","Ziyah","female","1","1"
"918","Ziyi","female","0.5","2"
"919","Zlatko","male","1","29"
"920","Zmira","female","1","1"
"921","Zohar","male","0.82","22"
"922","Zohra","female","1","65"
"923","Zohya","unknown","unknown","unknown"
"924","Zolt","unknown","unknown","unknown"
"925","Zoltan","male","1","38"
"926","Zonggui","unknown","unknown","unknown"
"927","Zongjin","unknown","unknown","unknown"
"928","Zongming","unknown","unknown","unknown"
"929","Zongshu","unknown","unknown","unknown"
"930","Zongwen","unknown","unknown","unknown"
"931","Zongzhe","unknown","unknown","unknown"
"932","Zoraida","female","1","53"
"933","Zorana","female","1","15"
"934","Zorina","male","1","1"
"935","Zouhair","male","1","11"
"936","Zouher","unknown","unknown","unknown"
"937","Zrinko","unknown","unknown","unknown"
"938","Zsofia","unknown","unknown","unknown"
"939","Zu","female","0.92","12"
"940","Zufan","unknown","unknown","unknown"
"941","Zufeng","unknown","unknown","unknown"
"942","Zugui","unknown","unknown","unknown"
"943","Zuheir","male","1","3"
"944","Zuhir","male","1","1"
"945","Zulal","female","1","1"
"946","Zulia","unknown","unknown","unknown"
"947","Zully","female","1","57"
"948","Zuoxiang","unknown","unknown","unknown"
"949","Zuoyuan","unknown","unknown","unknown"
"950","Zuxi","unknown","unknown","unknown"
"951","Zuyi","unknown","unknown","unknown"
"952","Zuyue","unknown","unknown","unknown"
"953","Zuzana","female","1","209"
"954","Zvonko","male","1","14"
